DateTime,Speed_U,Speed_V,Speed_W,Dir
1/12/18 0:00,-0.319462,-1.445122,-0.152395,19.8078
1/12/18 0:10,-0.386857,-1.412054,-0.073024,21.248734
1/12/18 0:20,-0.569315,-1.331062,0.008356,31.038554
1/12/18 0:30,-0.791223,-1.599749,0.112369,29.467168
1/12/18 0:40,-0.866356,-1.542696,0.263563,31.179499
1/12/18 0:50,-1.202156,-2.22935,0.02069,33.286342
1/12/18 1:00,-1.040323,-2.073468,0.018988,30.898055
1/12/18 1:10,-0.70099,-1.567929,-0.038733,25.242844
1/12/18 1:20,0.144519,-1.158627,-0.073521,1.523054
1/12/18 1:30,0.890867,-0.594495,-0.157602,336.509004
1/12/18 1:40,1.150368,-0.18031,-0.187052,288.874201
1/12/18 1:50,1.346047,0.283573,-0.129197,264.523626
1/12/18 2:00,0.812624,0.61701,-0.12692,245.27142
1/12/18 2:10,0.667358,1.351999,-0.045315,217.618475
1/12/18 2:20,-0.013054,1.26429,-0.035624,187.268154
1/12/18 2:30,-0.652224,1.294514,0.001379,173.671564
1/12/18 2:40,-1.10947,1.795585,0.04134,158.462607
1/12/18 2:50,-0.65087,2.762962,0.05132,164.455836
1/12/18 3:00,-0.523859,2.871103,0.037136,166.130862
1/12/18 3:10,-0.264538,2.394792,0.017832,167.227775
1/12/18 3:20,-0.663411,1.694908,0.063009,145.422323
1/12/18 3:30,-0.627493,1.306034,0.016371,136.010257
1/12/18 3:40,-0.547898,0.733708,0.048919,124.809322
1/12/18 3:50,0.347187,0.766543,-0.074858,221.092598
1/12/18 4:00,0.628211,0.532926,-0.027709,247.281244
1/12/18 4:10,-0.302871,0.005078,-0.101022,63.912673
1/12/18 4:20,-0.951033,0.069436,0.09232,92.434711
1/12/18 4:30,-1.829994,-0.805101,0.183163,70.988431
1/12/18 4:40,-1.497795,-0.569162,0.031147,74.069918
1/12/18 4:50,-1.685527,-0.322248,-0.004984,83.021004
1/12/18 5:00,-2.119837,-0.487239,0.059599,79.179616
1/12/18 5:10,-1.587152,1.274793,0.096333,132.197648
1/12/18 5:20,-1.836401,1.244905,0.148932,131.827652
1/12/18 5:30,-1.740614,1.063308,0.040688,128.980273
1/12/18 5:40,0.836119,0.563479,0.148488,273.56883
1/12/18 5:50,2.923621,-0.739041,0.249139,295.271358
1/12/18 6:00,2.610277,-0.5956,0.193954,294.049997
1/12/18 6:10,1.195475,-0.241774,-0.078098,300.294169
1/12/18 6:20,1.190256,-1.362347,0.127199,310.724126
1/12/18 6:30,3.098577,-2.462379,-0.356189,314.923991
1/12/18 6:40,4.149945,-1.836521,0.084518,300.287046
1/12/18 6:50,4.742253,-2.328897,-0.277727,298.879139
1/12/18 7:00,4.508857,-3.760051,-0.250183,315.089697
1/12/18 7:10,5.406954,-4.355101,-0.295156,316.207423
1/12/18 7:20,7.007112,-3.256195,-0.168075,301.901614
1/12/18 7:30,11.979652,-3.773332,-1.074882,294.982238
1/12/18 7:40,13.238614,-3.839047,-1.036694,293.633096
1/12/18 7:50,13.64562,-3.459163,-0.98814,291.509886
1/12/18 8:00,14.329816,-2.836741,-0.787773,288.767242
1/12/18 8:10,13.147823,-3.506707,-0.943542,292.478339
1/12/18 8:20,13.121564,-3.767007,-1.368235,293.698842
1/12/18 8:30,15.898573,-4.176521,-1.35288,292.280021
1/12/18 8:40,13.476223,-4.295123,-0.947431,295.368819
1/12/18 8:50,12.456167,-4.063611,-0.812465,294.703378
1/12/18 9:00,12.705739,-4.606528,-0.616086,297.709825
1/12/18 9:10,10.003054,-4.359801,-0.879816,300.366148
1/12/18 9:20,9.36769,-5.271406,-0.607619,304.860602
1/12/18 9:30,9.382938,-3.978419,-0.690862,300.829973
1/12/18 9:40,6.382275,-3.934681,-0.210725,309.087523
1/12/18 9:50,5.411146,-4.001688,-0.305415,313.439178
1/12/18 10:00,3.986721,-4.343733,-0.28626,320.927938
1/12/18 10:10,8.036094,-3.297571,0.293977,297.663699
1/12/18 10:20,5.421228,-4.164973,-0.108592,314.630984
1/12/18 10:30,6.087176,-3.592186,-0.152654,306.686095
1/12/18 10:40,8.943034,-3.422233,-0.605417,297.274316
1/12/18 10:50,9.194274,-2.723788,-0.846087,294.594073
1/12/18 11:00,9.916261,-3.317991,-1.086321,296.044793
1/12/18 11:10,6.469179,-3.238517,0.084463,302.957467
1/12/18 11:20,3.09917,-3.716662,-0.500209,322.931534
1/12/18 11:30,1.164753,-3.410788,0.243333,343.97005
1/12/18 11:40,-0.911105,-1.242794,-0.030454,41.646332
1/12/18 11:50,-2.813465,-0.546139,0.00728,84.329002
1/12/18 12:00,-2.686736,0.523232,-0.19993,103.529713
1/12/18 12:10,-2.005909,0.193707,0.083195,104.034536
1/12/18 12:20,-2.189592,0.446757,0.013068,103.732451
1/12/18 12:30,-1.642808,0.311199,0.137352,104.556469
1/12/18 12:40,-1.622041,0.260995,0.282031,105.31342
1/12/18 12:50,-0.645603,0.328545,-0.202932,118.657146
1/12/18 13:00,-2.914247,0.912691,0.227163,113.296053
1/12/18 13:10,-2.618224,1.898871,0.07049,127.041104
1/12/18 13:20,-3.75861,2.133842,0.269933,122.461549
1/12/18 13:30,-1.62026,2.469754,-0.039752,139.246577
1/12/18 13:40,0.253953,2.647802,-0.080777,180.469554
1/12/18 13:50,-0.322356,2.208829,-0.081088,170.437286
1/12/18 14:00,-0.120858,2.531137,-0.063262,178.170704
1/12/18 14:10,-0.326194,2.251221,0.058415,169.639655
1/12/18 14:20,-1.199662,2.338972,0.107896,151.139826
1/12/18 14:30,-1.222047,2.68799,0.152422,157.115031
1/12/18 14:40,-1.103897,2.317259,0.113146,158.373665
1/12/18 14:50,-1.665606,2.125192,0.097047,135.973595
1/12/18 15:00,-1.588232,2.292025,0.076211,144.849564
1/12/18 15:10,-1.299456,2.146268,0.008639,148.132048
1/12/18 15:20,-0.958164,1.256053,0.125821,139.061854
1/12/18 15:30,-1.551461,1.149085,0.000831,137.897135
1/12/18 15:40,-1.788349,1.622829,-0.005549,158.917202
1/12/18 15:50,-1.96457,1.112948,0.030427,129.214604
1/12/18 16:00,0.084518,0.990585,0.138458,233.653287
1/12/18 16:10,0.262164,0.991573,0.139267,224.87386
1/12/18 16:20,0.355219,0.909794,-0.167451,235.781107
1/12/18 16:30,-0.375305,0.393888,-0.360098,221.43881
1/12/18 16:40,0.245869,0.075467,-0.078639,292.511407
1/12/18 16:50,1.282047,-2.472656,0.895036,335.10482
1/12/18 17:00,-1.630648,-0.130283,0.079044,91.753611
1/12/18 17:10,-3.763305,-1.165665,0.13918,77.912014
1/12/18 17:20,-2.554761,-1.007513,0.255847,75.754663
1/12/18 17:30,-2.251085,-0.501813,0.304495,80.006738
1/12/18 17:40,-2.358499,0.246131,0.160688,104.232601
1/12/18 17:50,-2.756195,-1.21432,0.082987,74.942312
1/12/18 18:00,-1.781668,-1.690369,0.335775,47.748946
1/12/18 18:10,-1.735887,-0.627641,-0.238007,76.248359
1/12/18 18:20,-1.536288,-2.090751,0.477266,45.437421
1/12/18 18:30,4.81629,-1.314489,0.068393,294.004922
1/12/18 18:40,5.719583,-1.148433,-0.192849,288.593624
1/12/18 18:50,5.120457,-0.982769,-0.276963,286.692587
1/12/18 19:00,6.943159,-2.194759,-0.377224,294.394945
1/12/18 19:10,6.434631,-1.82457,-0.06963,293.296409
1/12/18 19:20,6.796598,-2.162332,-0.67478,294.552623
1/12/18 19:30,7.370567,-2.556047,-0.534768,296.088489
1/12/18 19:40,6.90629,-1.452957,-0.549264,289.510294
1/12/18 19:50,7.311732,-1.571031,-0.58714,289.581135
1/12/18 20:00,8.084845,-2.241217,-0.376239,292.697366
1/12/18 20:10,8.153768,-2.898851,-1.042701,297.109137
1/12/18 20:20,8.566505,-2.539517,-0.795585,292.922125
1/12/18 20:30,8.50833,-2.088639,-1.111815,291.52222
1/12/18 20:40,9.595971,-3.35403,-1.108399,296.163399
1/12/18 20:50,9.493738,-2.904402,-0.850118,294.862242
1/12/18 21:00,11.060059,-3.295797,-1.173776,294.052195
1/12/18 21:10,10.069661,-3.008743,-1.003513,293.766343
1/12/18 21:20,10.10177,-2.376015,-0.996508,290.717153
1/12/18 21:30,9.396233,-2.287494,-0.687578,291.01587
1/12/18 21:40,9.854429,-2.702237,-1.132463,292.573358
1/12/18 21:50,9.215798,-2.272067,-0.611299,291.163151
1/12/18 22:00,9.069253,-1.845763,-0.728378,289.666386
1/12/18 22:10,9.36472,-1.841395,-0.825505,289.552576
1/12/18 22:20,8.543212,-0.726347,-0.463642,282.946569
1/12/18 22:30,10.049542,-2.021663,-0.781163,288.802634
1/12/18 22:40,9.470576,-1.583671,-0.820009,286.913381
1/12/18 22:50,10.995845,-1.49216,-1.124328,285.163892
1/12/18 23:00,11.401973,-1.321517,-1.012433,284.311616
1/12/18 23:10,11.336992,-1.458217,-0.949198,285.267037
1/12/18 23:20,11.867892,-2.038762,-0.879861,287.460752
1/12/18 23:30,9.927042,-1.644513,-0.526376,286.198102
1/12/18 23:40,12.125444,-1.435399,-0.540042,284.942296
1/12/18 23:50,12.169729,-2.54197,-1.145719,288.934713
2/12/18 0:00,14.36703,-3.105096,-1.344826,289.524687
2/12/18 0:10,13.152281,-2.3235,-0.772768,287.086371
2/12/18 0:20,12.61467,-2.840209,-1.283163,289.194893
2/12/18 0:30,13.081749,-2.280876,-1.265406,286.57881
2/12/18 0:40,11.898822,-2.186006,-1.080241,287.615479
2/12/18 0:50,12.257916,-2.631292,-1.3706,290.031264
2/12/18 1:00,11.636928,-2.492107,-1.230615,289.851667
2/12/18 1:10,11.542948,-2.105361,-1.10721,287.836712
2/12/18 1:20,10.940503,-1.664634,-1.243872,286.097333
2/12/18 1:30,10.373117,-1.544629,-1.003234,286.807661
2/12/18 1:40,11.034339,-1.629842,-0.789413,285.66129
2/12/18 1:50,10.630691,-0.998322,-0.952232,282.493197
2/12/18 2:00,11.713435,-1.070493,-1.19996,283.532925
2/12/18 2:10,10.99443,-1.273148,-0.969306,284.401833
2/12/18 2:20,11.205362,-2.429844,-1.152498,289.374624
2/12/18 2:30,11.881435,-2.707106,-1.126666,290.27967
2/12/18 2:40,11.395402,-2.229712,-0.856978,289.1161
2/12/18 2:50,11.071997,-1.907046,-1.209864,287.06106
2/12/18 3:00,12.246299,-2.479896,-1.356047,288.936993
2/12/18 3:10,9.990163,-2.016412,-0.912359,288.442302
2/12/18 3:20,9.8825,-2.287759,-0.851243,289.359085
2/12/18 3:30,8.723881,-2.921488,-0.585618,298.009641
2/12/18 3:40,4.642791,-4.402732,-0.183189,320.6763
2/12/18 3:50,3.211661,-5.287547,-0.08639,335.489576
2/12/18 4:00,3.692298,-6.616833,-0.365322,338.543305
2/12/18 4:10,3.675148,-5.846914,-0.468899,335.08708
2/12/18 4:20,4.352057,-4.900351,-0.06932,324.862039
2/12/18 4:30,5.648288,-4.22105,-0.561537,313.744298
2/12/18 4:40,6.259705,-2.378267,-0.675771,299.125754
2/12/18 4:50,5.338352,-1.672048,-0.549985,295.903831
2/12/18 5:00,4.448528,-0.036249,-0.439226,276.057693
2/12/18 5:10,3.829452,1.140771,-0.1059,260.735859
2/12/18 5:20,3.42034,0.503884,-0.299585,266.183787
2/12/18 5:30,3.51161,0.603595,-0.39578,267.442712
2/12/18 5:40,4.230949,0.243346,-0.340153,272.1502
2/12/18 5:50,4.231626,-0.036813,-0.366131,276.235531
2/12/18 6:00,4.920996,-0.216832,-0.415969,278.015614
2/12/18 6:10,4.452192,-0.279871,-0.370094,279.257967
2/12/18 6:20,4.868935,-0.336515,-0.466034,280.200152
2/12/18 6:30,4.615483,-0.406228,-0.45683,279.830965
2/12/18 6:40,4.570576,-0.593297,-0.442755,283.090232
2/12/18 6:50,5.331184,-0.453331,-0.47073,280.804306
2/12/18 7:00,5.179722,-0.326613,-0.653419,278.227482
2/12/18 7:10,4.707364,0.153028,-0.525165,273.741079
2/12/18 7:20,4.406625,-0.005882,-0.489701,274.73568
2/12/18 7:30,4.301686,0.105267,-0.515485,274.347287
2/12/18 7:40,5.56082,0.252679,-0.683,275.367996
2/12/18 7:50,6.435236,0.249078,-0.664038,275.02094
2/12/18 8:00,5.782635,0.770256,-0.488059,268.484824
2/12/18 8:10,5.862024,-0.270881,-0.671571,278.765741
2/12/18 8:20,5.72684,-0.44998,-0.346094,281.789837
2/12/18 8:30,6.683115,-0.593275,-0.502961,280.97603
2/12/18 8:40,7.088532,-0.739898,-0.669565,282.224464
2/12/18 8:50,7.624608,-1.380991,-0.578842,287.833614
2/12/18 9:00,8.033947,-1.632211,-0.709675,289.849816
2/12/18 9:10,7.130609,-0.919304,-0.404881,284.794513
2/12/18 9:20,6.505308,-1.042828,-0.419139,288.158071
2/12/18 9:30,6.18481,-1.684157,-0.42962,294.155968
2/12/18 9:40,5.627285,-2.174214,-0.382159,300.949419
2/12/18 9:50,5.177666,-1.611863,-0.38624,297.852538
2/12/18 10:00,5.266379,-1.540218,-0.517947,296.792432
2/12/18 10:10,5.481748,-2.046601,-0.501938,302.091304
2/12/18 10:20,5.724087,-1.53898,-0.468869,296.267355
2/12/18 10:30,5.542366,-1.557084,0.119555,295.660455
2/12/18 10:40,5.907758,-1.946167,-0.270011,300.601301
2/12/18 10:50,6.109192,-1.827619,-0.173163,299.785778
2/12/18 11:00,5.695883,-1.656931,-0.72788,299.021522
2/12/18 11:10,4.695223,-0.949438,-0.579102,291.857358
2/12/18 11:20,4.765875,-1.320594,-0.566151,298.842533
2/12/18 11:30,4.605979,-2.193245,-0.593784,309.476753
2/12/18 11:40,4.224095,-2.263246,-0.557533,313.165473
2/12/18 11:50,4.366014,-2.555247,-0.687947,308.797702
2/12/18 12:00,5.444117,-3.640008,-0.536552,316.066031
2/12/18 12:10,3.035883,-3.154895,0.359902,323.584497
2/12/18 12:20,1.286147,-1.165882,-0.053994,317.583349
2/12/18 12:30,3.246205,-1.586057,-0.600733,308.549809
2/12/18 12:40,3.314028,-2.873079,-0.23917,319.771632
2/12/18 12:50,2.398995,-2.51552,-0.237957,325.021721
2/12/18 13:00,0.957552,-1.362771,0.025689,340.337709
2/12/18 13:10,0.716855,1.126032,0.051873,221.601779
2/12/18 13:20,0.830217,1.568363,0.096395,217.922636
2/12/18 13:30,0.872888,2.174544,0.205221,210.157491
2/12/18 13:40,-0.246439,1.029626,0.251005,192.658742
2/12/18 13:50,0.971194,0.623848,0.292958,252.438802
2/12/18 14:00,1.51763,-0.676515,-0.211008,292.524337
2/12/18 14:10,0.656901,-1.695562,-0.073182,332.254101
2/12/18 14:20,0.12072,-1.437225,-0.065269,356.622142
2/12/18 14:30,0.396858,-1.11752,-0.005417,359.008539
2/12/18 14:40,0.271031,-1.218174,-0.076631,358.088364
2/12/18 14:50,-0.395017,-0.823517,0.005586,25.722293
2/12/18 15:00,-0.903149,-0.572495,0.042828,49.744715
2/12/18 15:10,-1.269183,0.787419,0.128002,94.221198
2/12/18 15:20,-1.117398,0.106487,-0.013725,96.725996
2/12/18 15:30,-1.442821,0.913664,0.01343,125.668071
2/12/18 15:40,-1.398027,1.76596,0.089883,144.504974
2/12/18 15:50,-1.331321,2.569598,0.104762,157.519872
2/12/18 16:00,-1.04341,2.391615,-0.057809,162.174841
2/12/18 16:10,-1.41222,2.236276,0.483717,155.970157
2/12/18 16:20,-1.608351,2.769689,0.152947,156.680511
2/12/18 16:30,-1.762331,4.016664,0.182245,164.334589
2/12/18 16:40,-1.785086,4.091408,-0.061043,167.863864
2/12/18 16:50,-1.705177,4.276163,-0.193671,167.501475
2/12/18 17:00,-1.49868,4.651143,-0.250453,171.536409
2/12/18 17:10,-1.121165,4.095534,0.167943,172.432225
2/12/18 17:20,-1.963843,4.064639,0.38806,163.177614
2/12/18 17:30,-2.768654,4.121223,-0.019723,155.016972
2/12/18 17:40,-2.6147,4.220639,-0.244806,156.641299
2/12/18 17:50,-2.039402,4.067869,0.067428,160.937605
2/12/18 18:00,-2.332674,3.929245,-0.280412,158.534418
2/12/18 18:10,-2.330743,3.819391,-0.146871,157.738429
2/12/18 18:20,-1.373812,3.946214,0.066955,168.890142
2/12/18 18:30,-2.506951,4.242844,0.343438,158.156122
2/12/18 18:40,-3.319906,3.921678,0.313124,148.895717
2/12/18 18:50,-3.127006,3.513682,-0.043233,146.818566
2/12/18 19:00,-2.980185,3.52666,0.466787,146.953687
2/12/18 19:10,-3.3651,3.119962,-0.008817,142.401765
2/12/18 19:20,-3.067269,3.273691,0.161759,146.430187
2/12/18 19:30,-1.927524,2.807071,0.666012,154.27457
2/12/18 19:40,-2.446415,2.659618,-0.326698,144.693976
2/12/18 19:50,-0.868683,2.305198,0.09354,167.445133
2/12/18 20:00,-2.628644,2.651519,0.248577,142.585593
2/12/18 20:10,-2.654593,1.434521,0.592525,124.548415
2/12/18 20:20,-2.661214,1.487186,0.579392,127.884395
2/12/18 20:30,-2.373445,1.547289,0.213093,129.040366
2/12/18 20:40,-2.399455,0.568072,-0.01149,110.431995
2/12/18 20:50,-2.793535,1.460457,0.083377,125.879734
2/12/18 21:00,-2.530787,1.30715,-0.123926,123.595694
2/12/18 21:10,-2.776116,0.916567,0.170218,116.56153
2/12/18 21:20,-2.279557,-0.317197,0.080301,91.218878
2/12/18 21:30,-1.588074,0.201427,0.117687,100.994649
2/12/18 21:40,-2.074521,-0.169061,0.149314,92.874208
2/12/18 21:50,-1.844537,1.684359,0.274459,139.523646
2/12/18 22:00,-1.595051,1.636662,0.082843,140.044635
2/12/18 22:10,-1.632957,1.748083,-0.050033,144.110298
2/12/18 22:20,-1.266397,0.893909,0.002388,128.005445
2/12/18 22:30,-1.270421,0.643664,0.119598,118.81793
2/12/18 22:40,-1.24817,0.438558,-0.002596,113.904455
2/12/18 22:50,-1.832667,-0.378282,0.090998,83.679819
2/12/18 23:00,-1.890983,-0.489122,0.139489,81.264432
2/12/18 23:10,-1.448655,-0.37221,0.075822,79.388703
2/12/18 23:20,-2.019662,-0.785729,0.07719,75.382958
2/12/18 23:30,-2.159273,-0.769702,0.098273,76.058762
2/12/18 23:40,-2.1601,-0.556082,0.127681,82.190684
2/12/18 23:50,-2.383229,-0.662833,0.122453,79.963403
3/12/18 0:00,-2.642077,-1.080249,0.125792,74.54815
3/12/18 0:10,-2.343475,-1.097428,0.082076,70.761914
3/12/18 0:20,-1.738718,-0.912958,0.074877,67.74595
3/12/18 0:30,-1.42481,-0.77185,0.102378,66.981332
3/12/18 0:40,-1.72706,-1.624083,0.118093,54.750703
3/12/18 0:50,-2.287929,-2.359527,0.203609,54.602619
3/12/18 1:00,-3.017376,-1.817031,0.106959,70.227966
3/12/18 1:10,-4.136362,-1.358639,0.307682,81.014551
3/12/18 1:20,-4.043028,-1.610236,0.136058,77.349901
3/12/18 1:30,-4.547427,-1.694772,0.219132,79.308566
3/12/18 1:40,-4.636895,-1.716596,0.099717,77.674278
3/12/18 1:50,-4.256833,-1.699685,0.12633,77.049394
3/12/18 2:00,-3.626504,-1.684102,0.124591,74.144013
3/12/18 2:10,-3.391423,-1.383059,0.188869,76.423539
3/12/18 2:20,-3.056557,-1.329746,0.242402,76.012316
3/12/18 2:30,-2.58201,-0.745134,0.210902,84.318416
3/12/18 2:40,-2.341993,-0.3124,0.115842,93.842099
3/12/18 2:50,-1.8477,-0.301748,0.086446,88.625665
3/12/18 3:00,-1.486888,-0.133207,0.051058,94.765678
3/12/18 3:10,-1.193302,-0.050241,0.131944,97.689453
3/12/18 3:20,-1.198442,-0.450565,0.249267,85.56938
3/12/18 3:30,0.199461,-1.268427,0.147004,4.837354
3/12/18 3:40,-0.115198,-1.908638,-0.153225,17.551627
3/12/18 3:50,-2.198974,-0.944746,-0.147348,79.050758
3/12/18 4:00,-2.838007,-0.256329,0.09031,93.88933
3/12/18 4:10,-3.072958,-1.407694,0.104784,77.620881
3/12/18 4:20,-2.593682,-2.232589,0.152296,58.706165
3/12/18 4:30,-2.139412,-2.367326,-0.08984,50.078145
3/12/18 4:40,-1.651996,-1.864212,0.050045,50.302433
3/12/18 4:50,-1.452627,-1.999748,-0.114191,44.366674
3/12/18 5:00,-1.676576,-2.530613,0.045184,43.253596
3/12/18 5:10,-2.15943,-3.192429,-0.007003,42.495854
3/12/18 5:20,-1.263429,-2.95122,0.061881,31.263044
3/12/18 5:30,-1.35186,-3.024445,-0.044595,32.251318
3/12/18 5:40,-0.935011,-2.857564,-0.167126,27.035201
3/12/18 5:50,-0.500811,-2.554509,-0.06771,22.242714
3/12/18 6:00,-0.442125,-2.192526,-0.166817,21.422633
3/12/18 6:10,-0.805287,-2.236798,-0.087976,29.57584
3/12/18 6:20,-0.813634,-2.335334,-0.096204,30.992866
3/12/18 6:30,-0.653583,-2.361846,-0.019527,24.938544
3/12/18 6:40,-0.471183,-1.712627,0.089144,26.257141
3/12/18 6:50,-0.73697,-2.129376,0.019795,25.602141
3/12/18 7:00,-2.313474,-1.38481,-0.057382,57.926287
3/12/18 7:10,-1.618059,-1.222012,0.00789,61.573361
3/12/18 7:20,-1.739574,-1.194111,0.031633,63.108129
3/12/18 7:30,-1.654319,-1.207852,0.029247,61.165944
3/12/18 7:40,-1.816983,-1.160449,-0.017431,63.510175
3/12/18 7:50,-1.497375,-0.938838,-0.012574,69.427552
3/12/18 8:00,-1.165016,0.136725,-0.016489,106.833374
3/12/18 8:10,-1.410811,0.474088,0.095242,119.956278
3/12/18 8:20,-1.06421,0.760768,0.073425,132.70483
3/12/18 8:30,-0.826596,0.900101,-0.010486,141.055116
3/12/18 8:40,-1.744449,1.08183,0.20598,131.215568
3/12/18 8:50,-0.6938,0.404007,0.020428,123.090179
3/12/18 9:00,-0.590493,0.036183,0.053166,112.206479
3/12/18 9:10,-0.30169,-0.026679,-0.031073,105.250825
3/12/18 9:20,-0.202363,0.026177,-0.011083,134.149798
3/12/18 9:30,0.169557,0.605417,0.01731,192.225046
3/12/18 9:40,0.414207,0.234213,-0.025237,213.032086
3/12/18 9:50,0.073166,0.889242,-0.113123,188.292587
3/12/18 10:00,-0.108017,0.693927,0.023872,178.24133
3/12/18 10:10,-0.32487,0.817982,0.012185,172.518176
3/12/18 10:20,-0.433517,0.626234,0.080981,164.709669
3/12/18 10:30,-0.52561,0.79845,-0.005801,159.884402
3/12/18 10:40,-0.356914,1.085062,0.049367,174.857109
3/12/18 10:50,-0.27469,0.951492,-0.089957,176.229876
3/12/18 11:00,-0.77241,0.865411,-0.029699,150.544844
3/12/18 11:10,-0.61677,0.579345,-0.117783,137.680533
3/12/18 11:20,-0.786257,0.350033,0.024988,107.873173
3/12/18 11:30,-1.167322,0.937718,0.070974,127.940885
3/12/18 11:40,-1.030916,0.879132,0.186452,129.871713
3/12/18 11:50,-1.187055,0.9749,0.097303,130.378703
3/12/18 12:00,-1.634568,1.067851,0.090456,126.5141
3/12/18 12:10,-1.348206,1.128764,0.134313,131.129766
3/12/18 12:20,-1.348602,1.736738,0.121585,145.531434
3/12/18 12:30,-0.945472,1.643328,-0.014912,154.282359
3/12/18 12:40,-0.964255,1.308406,0.069703,146.180074
3/12/18 12:50,-0.99796,1.369763,0.071128,149.055623
3/12/18 13:00,-0.831318,1.154921,0.411811,149.273743
3/12/18 13:10,-0.906911,-1.287011,0.021553,42.810368
3/12/18 13:20,-1.341032,-1.006555,0.009952,66.157656
3/12/18 13:30,-1.486889,-0.813151,0.056266,81.184629
3/12/18 13:40,-1.100034,-0.826486,0.024532,78.103923
3/12/18 13:50,-1.091263,-0.614125,-0.051742,84.539935
3/12/18 14:00,-0.743381,-0.099429,0.136678,100.359962
3/12/18 14:10,0.325976,-0.711872,0.075606,18.482256
3/12/18 14:20,-0.044559,-0.982986,-0.139792,41.429923
3/12/18 14:30,-0.317352,-1.283428,-0.059702,33.260655
3/12/18 14:40,-0.359084,-1.235127,-0.038526,28.939821
3/12/18 14:50,-0.321411,-1.090114,0.001113,40.632031
3/12/18 15:00,-0.180236,-0.909189,-0.052774,43.463456
3/12/18 15:10,-0.424968,-0.531035,0.029894,80.553366
3/12/18 15:20,-0.539502,-0.997122,-0.057293,52.868506
3/12/18 15:30,-0.182369,-1.043402,-0.032569,31.353182
3/12/18 15:40,0.067556,-0.717964,-0.116987,28.722729
3/12/18 15:50,0.223797,-0.396977,0.103534,333.39654
3/12/18 16:00,0.354092,-0.69648,0.028099,333.239579
3/12/18 16:10,0.252691,-0.413368,0.379245,318.372871
3/12/18 16:20,-0.210519,-0.379067,-0.134273,34.690293
3/12/18 16:30,-0.341341,-0.091958,0.015035,107.945054
3/12/18 16:40,-0.56806,0.035315,0.579695,105.874076
3/12/18 16:50,-0.6204,0.061579,-0.17348,123.724287
3/12/18 17:00,-0.46474,-0.422984,-0.347215,71.887577
3/12/18 17:10,-0.826645,-0.31958,-0.070538,93.973645
3/12/18 17:20,-0.684478,-0.347731,0.551889,87.548606
3/12/18 17:30,-0.897952,-0.459125,0.253353,80.39474
3/12/18 17:40,-1.434567,0.292936,0.602829,107.137531
3/12/18 17:50,-1.102492,1.979796,0.11636,161.300221
3/12/18 18:00,-1.33502,2.775555,0.212014,160.549159
3/12/18 18:10,-1.751649,1.848326,-0.074303,145.914872
3/12/18 18:20,-1.967999,1.901707,0.077997,142.043537
3/12/18 18:30,-1.979073,1.636554,0.08125,135.877847
3/12/18 18:40,-1.924464,1.157775,0.04472,129.439416
3/12/18 18:50,-1.591617,1.584225,-0.173138,139.72023
3/12/18 19:00,-2.090735,1.914202,-0.134585,140.869843
3/12/18 19:10,-2.369712,2.03958,-0.167086,141.544855
3/12/18 19:20,-1.667963,1.862013,0.202168,149.069576
3/12/18 19:30,-1.076096,1.896166,0.00075,158.66306
3/12/18 19:40,-1.584166,1.634751,0.132274,150.875377
3/12/18 19:50,-1.206062,0.985473,-0.251306,139.423846
3/12/18 20:00,-1.008482,2.344849,0.187676,164.304295
3/12/18 20:10,-1.314797,1.779715,0.159869,150.434468
3/12/18 20:20,-0.960233,1.497746,0.533348,152.832642
3/12/18 20:30,-0.375645,2.284626,-0.066973,178.173239
3/12/18 20:40,-0.973716,2.041121,0.004838,163.055589
3/12/18 20:50,-1.022423,2.433811,0.119884,165.595652
3/12/18 21:00,-0.914067,2.244069,0.008839,167.694942
3/12/18 21:10,-0.789211,2.463841,0.031821,170.623202
3/12/18 21:20,-0.847701,2.113833,-0.244455,166.61155
3/12/18 21:30,-0.965121,1.888126,0.192091,159.818734
3/12/18 21:40,-1.062085,1.808376,-0.069339,159.031818
3/12/18 21:50,-0.742779,1.594741,-0.033513,163.767328
3/12/18 22:00,-0.467308,1.071859,-0.037439,164.722458
3/12/18 22:10,-0.013244,0.776901,-0.0762,180.585383
3/12/18 22:20,0.188778,0.223672,0.064354,200.180412
3/12/18 22:30,-0.307549,0.559433,-0.241428,149.946566
3/12/18 22:40,-0.297592,1.530129,0.008288,172.789779
3/12/18 22:50,-0.005796,0.501911,-0.023828,163.419267
3/12/18 23:00,0.126785,-0.149169,0.050379,112.312498
3/12/18 23:10,0.952879,-0.990813,-0.02243,322.426511
3/12/18 23:20,1.028256,-2.06575,-0.119106,342.055059
3/12/18 23:30,0.796048,-2.654988,-0.126348,352.955549
3/12/18 23:40,0.931488,-2.120228,-0.154212,344.730053
3/12/18 23:50,1.452737,-1.815638,-0.168394,330.325712
4/12/18 0:00,1.408798,-1.601177,-0.19802,327.746
4/12/18 0:10,1.648274,-1.345044,-0.178977,320.869414
4/12/18 0:20,1.477518,-1.309332,-0.207854,323.577987
4/12/18 0:30,1.293229,-1.686554,-0.138362,337.278841
4/12/18 0:40,1.52005,-1.806303,-0.155542,331.148561
4/12/18 0:50,1.826295,-1.923918,-0.246065,326.051789
4/12/18 1:00,1.947966,-1.866209,-0.202046,323.399827
4/12/18 1:10,1.721202,-1.756576,-0.20095,327.044633
4/12/18 1:20,1.358142,-1.711649,-0.129752,334.203426
4/12/18 1:30,1.248642,-2.437062,-0.078402,343.204485
4/12/18 1:40,1.041913,-3.085405,-0.15529,350.896593
4/12/18 1:50,0.686356,-2.89927,-0.106465,358.962533
4/12/18 2:00,0.377648,-2.749324,-0.103179,2.942408
4/12/18 2:10,0.097636,-2.525993,-0.022298,8.999677
4/12/18 2:20,0.657981,-2.680754,-0.13536,0.695802
4/12/18 2:30,0.5624,-2.579488,-0.168813,358.844288
4/12/18 2:40,0.463516,-1.936938,-0.197588,0.117255
4/12/18 2:50,0.025661,-1.482277,-0.074343,12.405185
4/12/18 3:00,0.494329,-1.517847,-0.064372,354.472199
4/12/18 3:10,0.469801,-1.880114,-0.100275,354.261198
4/12/18 3:20,0.448274,-1.566508,-0.013126,354.782008
4/12/18 3:30,0.530497,-1.53997,-0.039032,351.438674
4/12/18 3:40,0.344122,-0.789889,-0.072404,4.11357
4/12/18 3:50,-0.29988,-0.510181,0.03038,44.775034
4/12/18 4:00,-0.158074,-0.7435,-0.00739,34.252316
4/12/18 4:10,-0.305681,-0.841681,-0.038502,36.594113
4/12/18 4:20,0.00108,-0.964889,-0.064798,14.186847
4/12/18 4:30,-0.492834,-2.204619,-0.062759,20.56569
4/12/18 4:40,-0.074351,-2.461516,0.064538,8.530891
4/12/18 4:50,0.460719,-2.432081,-0.068358,358.235913
4/12/18 5:00,0.636111,-2.39978,-0.073263,357.529105
4/12/18 5:10,0.714888,-2.824366,-0.057317,359.574951
4/12/18 5:20,0.728897,-2.425325,0.000028,3.098702
4/12/18 5:30,0.439047,-2.237668,-0.196399,2.54491
4/12/18 5:40,0.185286,-2.71736,-0.043148,2.945691
4/12/18 5:50,0.558625,-2.512003,-0.014297,358.19663
4/12/18 6:00,0.638367,-1.612649,-0.070932,352.795427
4/12/18 6:10,0.709449,-2.058996,-0.143982,353.267891
4/12/18 6:20,0.411027,-2.002782,-0.145578,356.972348
4/12/18 6:30,0.858622,-2.066696,-0.020338,345.517456
4/12/18 6:40,0.412427,-0.971127,-0.002348,343.440664
4/12/18 6:50,0.366107,-0.84654,-0.082521,2.384575
4/12/18 7:00,0.313762,-0.228367,-0.068284,326.773383
4/12/18 7:10,0.653826,0.050325,-0.103423,273.123427
4/12/18 7:20,1.128957,-0.318713,-0.317909,294.502013
4/12/18 7:30,2.913302,-0.027977,-0.307848,284.038395
4/12/18 7:40,6.720967,-0.781958,-0.627173,284.918638
4/12/18 7:50,7.127738,-2.619646,-0.722104,296.694121
4/12/18 8:00,6.834613,-2.262835,-0.479943,295.695024
4/12/18 8:10,5.354921,-2.71347,-0.486824,303.78377
4/12/18 8:20,5.018502,-2.387651,-0.416583,304.79687
4/12/18 8:30,5.321997,-2.70049,-0.330062,303.865094
4/12/18 8:40,5.486951,-2.990968,-0.2993,305.111197
4/12/18 8:50,3.919148,-2.294403,0.190088,305.037176
4/12/18 9:00,5.974745,-2.289265,-1.168232,298.947366
4/12/18 9:10,7.305604,-2.147106,-0.670838,294.393928
4/12/18 9:20,5.187684,-1.978463,-0.503545,299.404536
4/12/18 9:30,5.413122,-2.928596,-0.146233,306.638338
4/12/18 9:40,7.577557,-1.912782,-0.054312,291.955588
4/12/18 9:50,8.772423,-3.314003,-0.515513,297.288571
4/12/18 10:00,10.283182,-3.431281,-0.548738,295.214189
4/12/18 10:10,9.808486,-2.399111,0.187766,290.71488
4/12/18 10:20,13.510369,-2.285441,-0.648259,287.047374
4/12/18 10:30,14.398927,-1.861584,-0.699247,285.85339
4/12/18 10:40,15.152899,-0.965004,-0.888906,282.02391
4/12/18 10:50,15.685874,-2.176792,-0.830664,285.975365
4/12/18 11:00,15.60738,-1.44858,-0.778538,282.609844
4/12/18 11:10,17.20686,-1.768358,-0.983753,283.185193
4/12/18 11:20,17.700884,-1.385877,-1.45507,282.036365
4/12/18 11:30,16.260649,-2.416734,-1.02382,286.054351
4/12/18 11:40,18.657769,-2.420825,-1.552394,285.022313
4/12/18 11:50,17.572487,-0.742984,-1.163911,280.12127
4/12/18 12:00,18.345826,-0.713053,-1.595134,280.270506
4/12/18 12:10,18.067127,-0.164893,-1.295339,278.70292
4/12/18 12:20,19.770466,0.597399,-1.598338,275.79056
4/12/18 12:30,16.712184,-0.126358,-1.223965,278.755748
4/12/18 12:40,17.948485,-0.378788,-2.170036,279.615377
4/12/18 12:50,15.372691,-0.794368,-1.19337,280.842862
4/12/18 13:00,17.106491,-1.297712,-1.838625,281.90139
4/12/18 13:10,16.580278,-2.002271,-1.735019,283.736687
4/12/18 13:20,17.663101,-1.804833,-1.761317,283.53887
4/12/18 13:30,17.248774,-1.732937,-1.802223,282.997457
4/12/18 13:40,14.769592,-1.8773,-1.248948,284.834775
4/12/18 13:50,16.346446,-1.317756,-1.327792,282.158305
4/12/18 14:00,14.988959,-0.989267,-1.25127,282.094435
4/12/18 14:10,13.63572,-1.424549,-0.928036,283.107374
4/12/18 14:20,12.463605,-1.552119,-0.891998,284.474375
4/12/18 14:30,12.64927,-3.562923,-0.81373,292.32456
4/12/18 14:40,12.113571,-3.711887,-1.581978,294.157634
4/12/18 14:50,14.805413,-4.616327,-1.35932,294.624514
4/12/18 15:00,14.542525,-3.607752,-1.123881,290.961928
4/12/18 15:10,14.766023,-2.542931,-1.536999,286.918453
4/12/18 15:20,11.91241,-2.77408,-1.00302,290.03249
4/12/18 15:30,12.290618,-4.626157,-1.113423,297.493545
4/12/18 15:40,10.298057,-5.201543,-0.443805,304.209656
4/12/18 15:50,10.160302,-6.194001,-0.593694,308.261396
4/12/18 16:00,11.104009,-6.453071,-1.006414,306.403043
4/12/18 16:10,12.613994,-6.131543,-1.32233,302.468808
4/12/18 16:20,9.807113,-4.55209,-0.830103,301.990494
4/12/18 16:30,10.657617,-4.785428,-1.28779,301.290389
4/12/18 16:40,9.149985,-4.802896,-0.932069,304.105018
4/12/18 16:50,11.51321,-3.272052,-0.803872,292.415065
4/12/18 17:00,13.289144,-2.394209,-1.354377,286.850075
4/12/18 17:10,12.268286,-2.030008,-1.182746,287.471233
4/12/18 17:20,11.738622,-2.328293,-0.721984,288.773069
4/12/18 17:30,12.078741,-2.775123,-0.88269,290.955516
4/12/18 17:40,11.054385,-2.764909,-0.772092,291.690619
4/12/18 17:50,12.796124,-4.106837,-0.666704,294.672665
4/12/18 18:00,13.6757,-3.584892,-0.954219,291.580413
4/12/18 18:10,15.727664,-4.099204,-1.326352,292.029988
4/12/18 18:20,15.639277,-3.923003,-0.977183,291.469041
4/12/18 18:30,17.859505,-2.696318,-1.839166,286.345778
4/12/18 18:40,15.170933,-3.545756,-0.84117,291.024055
4/12/18 18:50,13.35497,-2.440444,-0.280964,288.288837
4/12/18 19:00,11.227891,-4.619943,-1.082013,299.872261
4/12/18 19:10,12.051442,-3.227454,-0.785325,292.508858
4/12/18 19:20,11.937483,-2.789052,-0.989156,289.700305
4/12/18 19:30,15.107982,-3.890891,-2.055709,291.445044
4/12/18 19:40,12.108382,-4.387082,-0.700923,298.299273
4/12/18 19:50,10.550397,-3.950988,-0.631261,299.196745
4/12/18 20:00,13.362711,-4.154985,-1.380069,294.827788
4/12/18 20:10,14.745599,-4.742443,-1.251742,295.113256
4/12/18 20:20,12.673489,-4.84012,-0.41586,298.41279
4/12/18 20:30,12.393551,-5.249791,-1.035568,299.77301
4/12/18 20:40,12.451798,-2.636819,-0.745719,288.307161
4/12/18 20:50,12.464038,-2.963493,-1.082113,290.699783
4/12/18 21:00,10.81552,-2.632564,-0.793131,291.119097
4/12/18 21:10,10.94509,-2.346465,-0.989469,289.348149
4/12/18 21:20,11.200154,-2.652336,-1.519572,290.641491
4/12/18 21:30,9.226795,-1.969459,-1.096991,288.652107
4/12/18 21:40,7.104899,-1.544177,-0.765887,288.750328
4/12/18 21:50,7.524268,-1.986143,-0.960402,292.360016
4/12/18 22:00,5.975413,-1.587009,-0.69547,292.751724
4/12/18 22:10,6.907711,-1.689258,-0.613371,291.885031
4/12/18 22:20,7.538703,-0.905463,-0.855926,284.038365
4/12/18 22:30,7.690632,-0.84198,-0.617617,282.446099
4/12/18 22:40,4.972422,-0.419596,-0.54995,283.356194
4/12/18 22:50,5.712034,-2.425429,-0.658599,298.450665
4/12/18 23:00,4.237626,-2.313084,-0.471595,303.510287
4/12/18 23:10,10.211018,0.141013,-0.45042,277.324794
4/12/18 23:20,15.308108,-0.837203,-1.350144,281.372491
4/12/18 23:30,13.290351,-0.51448,-1.283663,279.356483
4/12/18 23:40,10.915054,0.547759,-0.860885,275.079504
4/12/18 23:50,10.26932,1.687894,-0.619041,269.197082
5/12/18 0:00,8.85496,1.034527,-0.616354,270.670543
5/12/18 0:10,4.267667,1.824262,0.105382,252.500475
5/12/18 0:20,-0.719793,2.64827,0.344046,179.473634
5/12/18 0:30,-1.993587,-0.175047,0.130851,102.791001
5/12/18 0:40,-1.40065,-0.470406,0.116758,85.043089
5/12/18 0:50,1.664431,-0.492726,-0.468538,281.158528
5/12/18 1:00,4.910105,0.327908,-0.380181,271.400683
5/12/18 1:10,5.151726,1.157928,-0.411106,263.698649
5/12/18 1:20,0.861357,1.343815,0.078054,239.391358
5/12/18 1:30,-0.161349,1.18473,-0.132701,184.216462
5/12/18 1:40,-0.54979,0.068275,0.01243,107.626478
5/12/18 1:50,-0.134794,-0.249492,-0.190927,88.948287
5/12/18 2:00,0.877101,-1.081239,-0.218702,334.878079
5/12/18 2:10,0.54977,0.534767,-0.18965,219.065626
5/12/18 2:20,0.917344,-0.29546,-0.01444,300.262997
5/12/18 2:30,1.799587,0.042781,-0.209944,270.119795
5/12/18 2:40,2.109787,1.097702,-0.355081,250.036614
5/12/18 2:50,2.507285,1.500449,-0.310657,248.320739
5/12/18 3:00,3.358589,1.130352,-0.638353,259.327031
5/12/18 3:10,3.646085,0.775064,-0.495662,265.954576
5/12/18 3:20,3.70733,0.776767,-0.054758,266.694309
5/12/18 3:30,1.458492,0.955357,-0.035428,255.223979
5/12/18 3:40,0.15952,1.073416,0.282078,232.696025
5/12/18 3:50,-1.710153,0.712103,-0.038172,138.120843
5/12/18 4:00,-2.7105,0.800906,0.038581,118.274525
5/12/18 4:10,-2.046054,0.611507,0.087499,111.472354
5/12/18 4:20,-1.959566,0.252458,-0.010515,97.846058
5/12/18 4:30,-1.606608,0.177899,0.007052,91.190309
5/12/18 4:40,-1.129217,-0.291956,-0.014756,64.75715
5/12/18 4:50,-1.235213,-0.055212,-0.111518,77.356238
5/12/18 5:00,-1.785915,0.178449,0.129169,95.165262
5/12/18 5:10,-2.284792,1.130235,0.108732,120.018362
5/12/18 5:20,-2.312416,1.52707,0.106651,128.918639
5/12/18 5:30,-2.368919,2.046906,0.136262,135.603543
5/12/18 5:40,-2.586205,1.481133,0.08881,125.736281
5/12/18 5:50,-2.502541,1.957624,0.084327,139.106765
5/12/18 6:00,-2.50727,1.372568,0.152314,133.398507
5/12/18 6:10,-1.992505,2.215673,0.065381,149.482356
5/12/18 6:20,-1.184698,1.840894,0.014988,153.008923
5/12/18 6:30,-1.273736,1.889701,-0.124835,159.835146
5/12/18 6:40,-1.456348,1.623278,0.036579,156.742896
5/12/18 6:50,-1.082707,1.694074,0.091034,164.44637
5/12/18 7:00,-1.430103,0.825824,0.030785,133.141923
5/12/18 7:10,-1.242929,1.057743,0.045427,144.582888
5/12/18 7:20,-1.549075,0.310378,0.100132,101.751321
5/12/18 7:30,-1.288826,-0.375368,0.05733,70.036506
5/12/18 7:40,-1.027736,-0.30049,0.071667,73.457111
5/12/18 7:50,-1.69445,-0.408124,0.200305,88.376036
5/12/18 8:00,-2.153598,-0.123169,0.170386,96.041693
5/12/18 8:10,-1.795595,0.172094,0.037175,102.003593
5/12/18 8:20,-1.836506,0.397622,0.064512,115.357695
5/12/18 8:30,-1.783794,0.504468,0.063712,117.831435
5/12/18 8:40,-1.737762,0.95243,0.052969,123.976136
5/12/18 8:50,-1.173978,1.09396,-0.007675,135.563113
5/12/18 9:00,-0.679459,0.892429,0.165647,149.046252
5/12/18 9:10,-0.535515,0.882531,-0.014498,158.839247